Rank,Name,Team,Sort,G,K/9,BB/9,K/BB,HR/9,K%,BB%,K-BB%,BABIP,LOB,ERA,RA9,rRA9,rRA9pf,FIP,xFIP,kwERA,ERA-FIP,ERA-,rRA9-,FIP-,AVG,OBP,SLG,OPS,NP,P/G,P/IP,P/PA
1,우규민,24 P,2.51,45,8.1,0.42,19.5,0.21,21.5,1.1,20.4,0.338,74.0,2.49,2.91,3.3,3.15,2.51,2.35,2.95,-0.02,49.38,56.56,50.54,0.272,0.283,0.353,0.636,695,15.4,16.0,3.84
2,브랜든,24 P,2.8,14,9.0,1.32,6.82,0.36,23.8,3.5,20.3,0.33,65.1,3.12,4.08,3.81,3.96,2.8,2.4,2.96,0.32,65.46,75.37,59.6,0.257,0.289,0.339,0.628,1274,91.0,17.0,4.04
3,크로우,24 P,3.05,8,9.6,2.68,3.58,0.45,25.0,7.0,18.0,0.342,68.6,3.57,4.24,4.02,4.21,3.05,2.53,3.24,0.52,72.41,77.48,62.79,0.259,0.314,0.342,0.656,710,88.8,17.6,4.13
4,유영찬,24 P,3.06,62,10.89,4.24,2.57,0.28,26.9,10.5,16.4,0.343,76.9,2.97,3.39,5.02,5.22,3.06,2.78,3.43,-0.09,62.28,99.22,65.22,0.246,0.331,0.331,0.662,1105,17.8,17.4,3.86
5,정동윤,24 P,3.06,3,10.8,5.4,2.0,0.0,28.6,14.3,14.3,0.25,100.0,0.0,0.0,1.89,1.76,3.06,3.1,3.69,-3.06,0.0,31.12,60.63,0.167,0.286,0.167,0.453,32,10.7,19.2,4.57
6,하트,24 P,3.1,26,10.43,2.18,4.79,0.63,28.8,6.0,22.8,0.293,77.2,2.69,2.92,2.92,3.0,3.1,2.35,2.66,-0.41,55.74,56.24,65.23,0.215,0.275,0.303,0.578,2465,94.8,15.7,3.91
7,김택연,24 P,3.19,60,10.8,4.29,2.52,0.28,28.2,11.2,17.0,0.314,83.1,2.08,2.35,2.62,2.67,3.19,2.92,3.36,-1.11,43.58,50.88,67.95,0.216,0.317,0.288,0.605,1238,20.6,19.0,4.47
8,발라조빅,24 P,3.22,12,10.9,4.42,2.46,0.47,27.6,11.2,16.4,0.343,68.8,4.26,4.58,4.42,4.67,3.22,2.89,3.43,1.04,89.44,88.89,68.7,0.248,0.337,0.358,0.695,1067,88.9,18.7,4.27
9,김영규,24 P,3.37,42,9.46,2.76,3.43,0.59,26.2,7.7,18.6,0.322,70.6,3.15,3.74,3.39,3.53,3.37,2.67,3.17,-0.22,65.24,66.3,70.89,0.244,0.304,0.323,0.627,734,17.5,16.1,4.01
10,박성빈,24 P,3.38,3,7.71,0.0,,0.0,22.2,0.0,22.2,0.167,100.0,0.0,0.0,0.0,0.0,3.38,3.53,2.73,-3.38,0.0,0.0,67.08,0.125,0.222,0.125,0.347,28,9.3,12.0,3.11
11,정현수,24 P,3.39,18,9.51,4.56,2.08,0.0,24.0,11.5,12.5,0.328,64.7,4.56,4.56,4.09,3.85,3.39,3.49,3.9,1.17,87.93,67.25,66.42,0.235,0.34,0.318,0.658,425,23.6,18.0,4.09
12,박상원,24 P,3.47,65,8.78,2.97,2.95,0.27,23.4,7.9,15.5,0.304,57.8,4.59,5.13,5.16,5.12,3.47,3.19,3.54,1.12,92.86,93.93,71.28,0.232,0.31,0.329,0.639,1115,17.2,16.7,4.01
13,조병현,24 P,3.53,76,11.84,3.82,3.1,0.99,31.8,10.3,21.5,0.27,68.9,3.58,4.19,4.03,3.8,3.53,2.31,2.82,0.04,69.72,67.19,70.0,0.197,0.283,0.326,0.609,1294,17.0,17.7,4.28
14,앤더슨,24 P,3.55,24,12.29,4.12,2.98,0.86,31.9,10.7,21.2,0.33,72.2,3.89,4.28,4.19,3.93,3.55,2.5,2.86,0.34,75.87,69.52,70.37,0.227,0.322,0.338,0.66,2029,84.5,17.5,4.09
15,권휘,24 P,3.55,8,11.0,7.0,1.57,0.0,22.4,14.3,8.2,0.5,50.0,11.0,11.0,8.8,9.22,3.55,3.67,4.42,7.45,230.79,175.44,75.79,0.366,0.458,0.439,0.897,205,25.6,22.8,4.18
16,김승일,24 P,3.57,3,6.0,0.0,,0.0,15.4,0.0,15.4,0.4,80.0,3.0,3.0,0.9,0.9,3.57,3.76,3.55,-0.57,60.69,16.48,73.31,0.333,0.385,0.417,0.802,54,18.0,18.0,4.15
17,박진형,24 P,3.6,7,5.68,1.42,4.0,0.0,16.7,4.2,12.5,0.353,62.5,4.26,4.26,3.77,3.76,3.6,3.7,3.9,0.66,82.14,65.74,70.48,0.286,0.348,0.333,0.681,95,13.6,15.0,3.96
18,김민,24 P,3.6,71,8.96,3.14,2.85,0.58,22.9,8.0,14.9,0.358,70.8,4.31,4.42,4.24,4.2,3.6,2.89,3.61,0.7,85.32,75.5,72.53,0.277,0.34,0.37,0.71,1205,17.0,15.6,3.59
19,한두솔,24 P,3.61,69,10.32,4.7,2.19,0.46,24.9,11.4,13.6,0.36,60.9,5.01,6.07,5.45,5.24,3.61,3.09,3.77,1.4,97.61,92.73,71.5,0.267,0.357,0.366,0.723,1071,15.5,18.1,3.92
20,윌커슨,24 P,3.62,32,7.64,1.24,6.19,0.82,20.5,3.3,17.2,0.321,69.6,3.84,4.12,4.06,3.91,3.62,2.65,3.34,0.22,74.07,68.26,70.93,0.27,0.294,0.394,0.688,3124,97.6,15.9,3.83
21,김원중,24 P,3.64,56,9.66,4.41,2.19,0.57,24.5,11.2,13.4,0.324,75.3,3.55,3.84,4.05,3.85,3.64,2.97,3.8,-0.08,68.45,67.24,71.22,0.25,0.332,0.335,0.667,1136,20.3,17.9,4.1
22,김진호,24 P,3.64,2,11.57,7.71,1.5,0.0,25.0,16.7,8.3,0.5,60.0,7.71,7.71,7.71,8.07,3.64,3.73,4.4,4.07,159.61,151.32,76.58,0.333,0.455,0.333,0.788,52,26.0,22.3,4.33
23,와이스,24 P,3.65,16,9.62,2.85,3.38,0.79,25.5,7.6,18.0,0.284,67.3,3.73,4.22,4.12,4.06,3.65,2.7,3.24,0.08,75.48,74.5,74.98,0.223,0.286,0.358,0.644,1463,91.4,16.0,3.81
24,알드레드,24 P,3.66,9,10.72,3.5,3.06,0.82,28.3,9.2,19.0,0.318,64.7,4.53,4.95,4.19,4.18,3.66,2.65,3.12,0.87,91.97,76.88,75.46,0.235,0.313,0.333,0.646,748,83.1,17.1,4.07
25,류현진,24 P,3.67,28,7.67,1.88,4.09,0.68,19.9,4.9,15.0,0.346,69.7,3.87,4.43,4.37,4.41,3.67,2.87,3.6,0.19,78.2,80.84,75.54,0.287,0.323,0.381,0.704,2599,92.8,16.4,3.83
26,네일,24 P,3.68,26,8.32,2.11,3.94,0.66,21.5,5.5,16.0,0.321,70.5,2.53,4.16,4.06,4.04,3.68,2.88,3.47,-1.15,51.34,74.39,75.83,0.259,0.31,0.364,0.674,2398,92.2,16.1,3.74
27,고영표,24 P,3.71,18,7.11,1.26,5.64,0.54,17.3,3.1,14.3,0.394,66.5,4.95,5.49,5.38,5.31,3.71,3.11,3.69,1.24,98.08,95.42,74.77,0.333,0.366,0.459,0.825,1591,88.4,15.9,3.49
28,김재열,24 P,3.72,69,8.78,3.8,2.31,0.52,23.6,10.2,13.4,0.3,82.7,2.49,2.62,3.34,3.46,3.72,3.12,3.79,-1.23,51.52,64.89,78.16,0.233,0.311,0.349,0.66,1097,15.9,16.0,3.86
29,에르난데스,24 P,3.73,11,10.53,3.06,3.44,0.96,28.2,8.2,20.0,0.308,73.1,4.02,4.02,3.72,3.92,3.73,2.56,3.0,0.29,84.37,74.66,79.46,0.233,0.303,0.364,0.667,792,72.0,16.9,4.06
30,임찬규,24 P,3.79,25,9.13,2.82,3.24,0.81,23.6,7.3,16.3,0.348,76.4,3.83,3.9,3.77,3.94,3.79,2.82,3.45,0.04,80.32,74.95,80.85,0.276,0.333,0.404,0.737,2225,89.0,16.6,3.86
31,김유영,24 P,3.8,53,7.93,3.02,2.63,0.38,19.8,7.5,12.3,0.331,64.2,3.78,5.1,4.85,4.99,3.8,3.4,3.93,-0.02,79.23,94.89,80.95,0.269,0.335,0.339,0.674,847,16.0,17.8,4.0
32,산체스,24 P,3.82,11,9.45,3.54,2.67,0.34,22.9,8.6,14.3,0.374,71.6,4.22,4.73,4.35,4.43,3.82,3.47,3.69,0.4,85.35,81.35,78.58,0.283,0.373,0.363,0.736,960,87.3,18.0,3.92
33,반즈,24 P,3.83,25,10.22,2.75,3.72,1.08,27.4,7.4,20.0,0.322,79.5,3.35,3.52,3.34,3.18,3.83,2.49,3.0,-0.49,64.45,55.61,75.05,0.248,0.309,0.388,0.697,2396,95.8,15.9,3.84
34,후라도,24 P,3.84,30,7.99,1.51,5.28,0.9,21.7,4.1,17.6,0.306,74.4,3.36,3.69,3.64,3.78,3.84,2.73,3.29,-0.48,71.44,72.92,82.93,0.254,0.293,0.381,0.674,2894,96.5,15.2,3.72
35,바리아,24 P,3.85,20,8.06,1.75,4.61,0.97,20.5,4.4,16.0,0.357,62.7,5.15,5.63,5.5,5.39,3.85,2.67,3.47,1.3,104.14,98.92,79.08,0.299,0.328,0.436,0.764,1602,80.1,17.3,3.96
36,주현상,24 P,3.85,65,8.08,1.01,8.0,1.14,24.0,3.0,21.0,0.238,81.3,2.65,2.78,3.12,3.09,3.85,2.46,2.88,-1.2,53.6,56.66,79.13,0.206,0.232,0.36,0.592,1074,16.5,15.1,4.02
37,라우어,24 P,3.9,7,9.61,3.12,3.08,0.78,24.7,8.0,16.7,0.337,67.4,4.93,4.93,4.62,4.7,3.9,2.98,3.4,1.03,100.05,86.43,80.43,0.259,0.333,0.393,0.726,608,86.9,17.5,4.05
38,최지광,24 P,3.96,35,9.41,5.2,1.81,0.25,24.7,13.6,11.0,0.236,82.6,2.23,2.23,3.03,2.85,3.96,3.73,4.08,-1.73,42.82,49.65,77.29,0.176,0.307,0.264,0.571,674,19.3,18.6,4.38
39,송은범,24 P,3.97,9,2.16,1.08,2.0,0.0,6.3,3.1,3.1,0.276,88.9,1.08,1.08,1.62,1.51,3.97,4.14,5.03,-2.89,20.74,26.27,77.51,0.258,0.281,0.323,0.604,114,12.7,13.7,3.56
40,원종현,24 P,4.01,4,9.82,7.36,1.33,0.0,22.2,16.7,5.6,0.364,71.4,4.91,4.91,4.91,4.45,4.01,4.06,4.73,0.9,104.46,85.88,86.68,0.267,0.389,0.333,0.722,58,14.5,15.8,3.22
40,손주환,24 P,4.01,4,9.82,4.91,2.0,0.0,25.0,12.5,12.5,0.222,20.0,9.82,9.82,6.87,6.9,4.01,4.08,3.9,5.81,203.14,129.37,84.28,0.154,0.313,0.154,0.467,65,16.3,17.7,4.06
42,조상우,24 P,4.02,44,8.17,4.54,1.8,0.45,21.1,11.7,9.4,0.342,75.4,3.18,3.86,4.28,4.66,4.02,3.53,4.28,-0.84,67.59,89.96,86.83,0.272,0.355,0.354,0.709,652,14.8,16.4,3.81
43,엔스,24 P,4.03,30,8.43,2.68,3.14,0.86,22.0,7.0,15.0,0.321,69.5,4.19,4.51,4.49,4.64,4.03,2.99,3.6,0.16,87.84,88.25,85.91,0.263,0.319,0.392,0.711,2906,96.9,17.3,4.07
44,박영현,24 P,4.07,66,10.21,2.58,3.95,1.41,28.1,7.1,21.0,0.271,79.4,3.52,3.64,3.86,3.82,4.07,2.32,2.88,-0.55,69.78,68.67,82.03,0.22,0.275,0.378,0.653,1222,18.5,15.9,3.94
45,헤이수스,24 P,4.11,30,9.35,2.31,4.05,1.16,24.5,6.0,18.4,0.318,76.3,3.68,4.1,3.98,4.24,4.11,2.75,3.19,-0.43,78.24,81.84,88.88,0.258,0.316,0.41,0.726,2832,94.4,16.5,3.89
46,스타우트,24 P,4.11,4,11.25,2.81,4.0,1.13,27.4,6.8,20.5,0.349,68.2,5.06,5.63,5.34,5.22,4.11,2.75,2.93,0.95,102.68,95.92,84.75,0.262,0.342,0.431,0.773,327,81.8,20.4,4.48
47,곽빈,24 P,4.13,30,8.27,4.08,2.03,0.59,21.5,10.6,10.9,0.281,67.5,4.24,4.46,4.12,4.25,4.13,3.52,4.09,0.11,88.97,80.83,88.03,0.229,0.315,0.332,0.647,2892,96.4,17.2,4.04
48,주승우,24 P,4.18,55,7.49,3.14,2.39,0.7,19.1,8.0,11.1,0.305,71.6,4.35,4.35,4.62,4.94,4.18,3.36,4.07,0.17,92.67,95.28,90.39,0.255,0.33,0.398,0.728,781,14.2,15.1,3.47
49,전상현,24 P,4.18,66,7.36,2.73,2.7,0.68,19.9,7.4,12.5,0.267,65.8,4.09,4.36,4.6,4.7,4.18,3.39,3.9,-0.09,82.97,86.46,86.21,0.224,0.295,0.331,0.626,1088,16.5,16.5,4.0
50,한승혁,24 P,4.2,70,9.19,5.46,1.68,0.29,22.1,13.1,9.0,0.347,65.4,5.03,5.6,5.33,5.27,4.2,3.91,4.32,0.82,101.69,96.76,86.4,0.264,0.374,0.326,0.7,1210,17.3,19.3,4.19
51,박진,24 P,4.21,38,6.39,2.01,3.18,0.73,16.4,5.1,11.2,0.352,67.2,4.38,5.11,5.04,4.72,4.21,3.38,4.05,0.17,84.36,82.42,82.38,0.311,0.346,0.43,0.776,802,21.1,16.3,3.75
52,김강률,24 P,4.22,53,7.07,4.5,1.57,0.21,17.6,11.2,6.4,0.313,76.2,3.0,3.43,2.39,2.48,4.22,4.02,4.63,-1.22,62.94,47.11,89.89,0.255,0.346,0.317,0.663,769,14.5,18.3,4.11
53,임정호,24 P,4.22,65,7.53,4.09,1.84,0.49,18.9,10.3,8.6,0.321,64.1,4.42,5.24,5.18,5.28,4.22,3.67,4.36,0.2,91.41,99.01,88.79,0.263,0.347,0.356,0.703,981,15.1,17.8,4.04
54,곽도규,24 P,4.24,71,10.35,5.5,1.88,0.65,25.8,13.7,12.1,0.279,76.0,3.56,3.88,4.62,4.56,4.24,3.46,3.95,-0.68,72.14,83.79,87.4,0.207,0.329,0.298,0.627,1068,15.0,19.2,4.31
55,엘리아스,24 P,4.25,22,7.57,2.18,3.47,0.95,19.8,5.7,14.1,0.313,71.5,4.08,4.29,4.07,3.92,4.25,3.1,3.71,-0.17,79.48,69.37,84.23,0.265,0.315,0.376,0.691,1947,88.5,15.7,3.71
56,쿠에바스,24 P,4.25,31,8.0,3.06,2.61,0.88,20.9,8.0,12.9,0.285,69.0,4.1,4.47,4.47,4.34,4.25,3.2,3.85,-0.15,81.28,78.01,85.66,0.24,0.306,0.381,0.687,2856,92.1,16.5,3.88
57,레예스,24 P,4.26,26,7.13,1.88,3.8,0.94,18.5,4.9,13.6,0.323,74.9,3.81,4.06,3.91,3.72,4.26,3.12,3.77,-0.44,73.22,64.8,83.07,0.278,0.32,0.404,0.724,2429,93.4,16.9,3.94
58,카스타노,24 P,4.27,19,7.17,2.02,3.56,0.89,18.7,5.3,13.4,0.312,62.7,4.35,5.24,5.11,5.2,4.27,3.19,3.79,0.08,90.05,97.56,89.72,0.269,0.316,0.416,0.732,1783,93.8,16.0,3.75
59,이병헌,24 P,4.27,77,7.85,4.68,1.68,0.41,20.0,11.9,8.1,0.315,77.7,2.89,3.44,4.12,4.21,4.27,3.81,4.43,-1.38,60.69,80.15,91.1,0.256,0.349,0.332,0.681,1173,15.2,18.0,4.12
60,김민수,24 P,4.28,75,8.3,3.65,2.27,0.89,20.9,9.2,11.7,0.319,57.9,5.2,6.2,6.03,5.92,4.28,3.21,3.99,0.92,103.05,106.3,86.26,0.264,0.332,0.412,0.744,1350,18.0,16.6,3.77
61,김서현,24 P,4.31,37,10.1,7.51,1.34,0.0,24.2,18.0,6.2,0.316,70.1,3.76,4.7,4.73,4.93,4.31,4.39,4.66,-0.55,76.0,90.35,88.53,0.22,0.379,0.291,0.67,699,18.9,18.2,3.93
62,김상수,24 P,4.33,74,6.84,3.18,2.15,0.61,17.4,8.1,9.3,0.297,65.3,4.15,4.89,5.55,5.38,4.33,3.61,4.28,-0.17,80.04,93.99,84.72,0.255,0.325,0.356,0.681,1186,16.0,16.1,3.68
63,한재승,24 P,4.35,51,8.74,5.36,1.63,0.4,21.9,13.4,8.5,0.282,71.9,3.97,4.17,4.8,4.84,4.35,3.92,4.39,-0.38,82.15,90.76,91.45,0.222,0.335,0.311,0.646,815,16.0,18.0,4.05
64,장현식,24 P,4.37,75,8.96,4.06,2.21,0.96,22.7,10.3,12.4,0.322,70.0,3.94,4.9,4.47,4.43,4.37,3.2,3.91,-0.43,79.96,81.48,90.14,0.26,0.339,0.399,0.738,1289,17.2,17.1,3.89
65,한현희,24 P,4.38,57,8.25,2.83,2.92,0.83,20.5,7.0,13.5,0.371,69.8,5.19,5.31,5.24,4.97,4.38,3.38,3.79,0.81,99.96,86.79,85.74,0.305,0.371,0.44,0.811,1321,23.2,17.3,3.86
66,김윤식,24 P,4.4,1,3.0,3.0,1.0,0.0,5.9,5.9,0.0,0.467,50.0,12.0,12.0,12.0,12.94,4.4,4.57,5.4,7.6,251.77,246.09,93.8,0.438,0.471,0.563,1.034,61,61.0,20.3,3.59
66,오석주,24 P,4.4,17,8.47,5.82,1.45,0.0,17.4,12.0,5.4,0.459,50.0,11.12,11.12,10.67,11.22,4.4,4.53,4.75,6.72,236.57,216.42,95.13,0.368,0.462,0.447,0.909,343,20.2,20.2,3.73
68,이민우,24 P,4.41,64,8.02,3.76,2.13,0.82,20.9,9.8,11.1,0.333,75.3,3.76,4.09,5.13,4.97,4.41,3.42,4.07,-0.64,76.14,91.21,90.59,0.277,0.346,0.421,0.767,989,15.5,18.0,4.21
69,장민재,24 P,4.41,26,5.28,2.17,2.43,0.62,12.3,5.1,7.2,0.404,86.3,3.1,3.1,3.96,3.88,4.41,3.73,4.53,-1.31,62.78,71.21,90.66,0.362,0.397,0.465,0.862,509,19.6,17.6,3.69
70,코너,24 P,4.44,28,8.89,2.25,3.95,1.18,23.8,6.0,17.8,0.27,77.0,3.43,3.77,3.68,3.54,4.44,2.98,3.26,-1.0,65.9,61.72,86.57,0.226,0.293,0.37,0.663,2604,93.0,16.3,3.93
71,장지수,24 P,4.45,13,7.07,6.43,1.1,0.0,14.7,13.3,1.3,0.442,48.6,10.93,11.57,9.48,9.15,4.45,4.59,5.24,6.48,221.09,167.82,91.47,0.365,0.467,0.508,0.975,284,21.8,20.3,3.79
72,하영민,24 P,4.45,28,6.05,3.47,1.74,0.48,15.1,8.6,6.4,0.322,67.7,4.37,4.91,4.74,5.02,4.45,3.94,4.63,-0.08,92.99,96.78,96.27,0.28,0.345,0.396,0.741,2539,90.7,16.9,3.78
73,이영하,24 P,4.47,59,8.13,4.96,1.64,0.55,19.8,12.1,7.7,0.299,70.2,3.99,4.68,5.65,5.85,4.47,3.83,4.47,-0.48,83.82,111.29,95.38,0.243,0.339,0.349,0.688,1188,20.1,18.2,3.99
74,임창민,24 P,4.49,60,8.28,4.97,1.67,0.66,19.8,11.9,7.9,0.339,76.7,3.98,4.31,3.86,3.61,4.49,3.74,4.45,-0.51,76.35,62.93,87.56,0.279,0.367,0.381,0.748,1031,17.2,19.0,4.08
75,박준우,24 P,4.5,2,4.5,4.5,1.0,0.0,10.0,10.0,0.0,0.375,50.0,9.0,9.0,9.0,9.03,4.5,4.6,5.4,4.5,173.41,157.77,88.1,0.333,0.4,0.444,0.844,32,16.0,16.0,3.2
76,박세웅,24 P,4.5,30,6.44,2.91,2.21,0.68,16.3,7.4,9.0,0.317,64.1,4.78,5.35,5.07,4.97,4.5,3.71,4.32,0.28,92.04,86.84,88.15,0.275,0.337,0.38,0.717,2926,97.5,16.9,3.86
77,손주영,24 P,4.54,28,6.97,3.36,2.07,0.68,17.6,8.5,9.1,0.329,72.8,3.79,4.42,4.06,4.26,4.54,3.72,4.31,-0.75,79.62,81.04,96.8,0.279,0.35,0.367,0.717,2532,90.4,17.5,3.97
78,원태인,24 P,4.55,28,6.71,2.37,2.83,0.96,17.8,6.3,11.5,0.278,74.9,3.66,3.83,3.79,3.58,4.55,3.39,4.02,-0.89,70.37,62.33,88.89,0.245,0.3,0.385,0.685,2693,96.2,16.9,4.02
79,이용찬,24 P,4.57,57,8.12,3.48,2.33,0.99,18.7,8.0,10.7,0.425,58.8,6.13,7.95,7.7,8.0,4.57,3.37,4.12,1.56,126.8,150.01,96.11,0.353,0.409,0.543,0.952,1042,18.3,19.2,3.98
80,정해영,24 P,4.59,53,8.88,2.84,3.13,1.42,23.8,7.6,16.2,0.289,94.3,2.49,2.49,3.0,2.98,4.59,2.82,3.46,-2.1,50.44,54.88,94.61,0.244,0.305,0.404,0.709,840,15.8,16.6,4.0
81,박준표,24 P,4.6,8,6.0,4.5,1.33,0.0,13.8,10.3,3.4,0.476,71.4,6.0,6.0,7.8,7.71,4.6,4.69,4.99,1.4,121.69,141.71,94.8,0.4,0.483,0.48,0.963,88,11.0,14.7,3.03
82,원상현,24 P,4.6,22,8.13,4.27,1.9,0.83,18.2,9.6,8.6,0.44,64.6,7.03,7.44,7.27,7.3,4.6,3.6,4.36,2.43,139.2,131.15,92.63,0.37,0.427,0.511,0.938,1248,56.7,19.1,3.85
83,황동재,24 P,4.6,15,6.43,3.86,1.67,0.43,16.7,10.0,6.7,0.29,70.2,4.07,4.29,4.29,4.25,4.6,4.12,4.6,-0.53,78.2,73.97,89.86,0.248,0.337,0.359,0.696,707,47.1,16.8,3.93
84,이승현,24 P,4.61,60,7.61,3.43,2.22,0.9,19.2,8.7,10.6,0.343,73.3,4.48,4.62,5.09,4.82,4.61,3.55,4.13,-0.13,85.95,83.9,89.89,0.292,0.356,0.446,0.802,1107,18.5,18.3,4.18
85,엄상백,24 P,4.61,29,9.13,2.41,3.79,1.49,23.6,6.2,17.3,0.317,70.6,4.88,5.06,4.91,4.74,4.61,2.75,3.32,0.28,96.75,85.15,92.76,0.266,0.318,0.445,0.763,2716,93.7,17.3,4.02
86,박정수,24 P,4.61,29,6.67,3.64,1.83,0.61,16.1,8.8,7.3,0.364,69.4,5.16,5.46,6.04,6.18,4.61,3.93,4.52,0.55,108.2,117.63,98.3,0.309,0.38,0.407,0.787,519,17.9,17.5,3.79
87,이상동,24 P,4.62,29,8.44,3.94,2.14,0.84,19.7,9.2,10.5,0.386,70.9,5.34,5.63,6.88,6.95,4.62,3.64,4.14,0.73,105.88,124.89,92.99,0.328,0.391,0.469,0.86,568,19.6,17.8,3.74
88,최원태,24 P,4.62,24,7.32,4.05,1.81,0.71,18.6,10.3,8.3,0.309,70.1,4.26,4.69,4.42,4.58,4.62,3.78,4.4,-0.36,89.44,87.19,98.57,0.263,0.342,0.371,0.713,2117,88.2,16.7,3.82
89,양현종,24 P,4.63,29,6.78,2.15,3.15,1.1,17.7,5.6,12.1,0.29,70.3,4.1,4.52,4.37,4.37,4.63,3.28,3.95,-0.53,83.1,80.38,95.35,0.257,0.305,0.422,0.727,2620,90.3,15.3,3.6
90,남지민,24 P,4.65,2,6.75,4.5,1.5,0.0,17.6,11.8,5.9,0.182,100.0,0.0,0.0,2.7,2.7,4.65,4.78,4.69,-4.65,0.0,49.44,95.58,0.143,0.294,0.214,0.508,70,35.0,17.5,4.12
90,정우영,24 P,4.65,27,6.75,4.37,1.55,0.0,15.7,10.2,5.6,0.425,68.8,4.76,5.96,5.96,6.38,4.65,4.72,4.73,0.12,99.97,121.43,99.13,0.344,0.449,0.411,0.86,389,14.4,17.2,3.6
92,박시영,24 P,4.67,26,8.17,2.49,3.29,1.42,20.9,6.4,14.5,0.315,75.9,4.62,4.62,5.47,5.36,4.67,2.9,3.65,-0.05,91.51,96.27,93.93,0.27,0.324,0.49,0.814,417,16.0,16.5,3.79
93,진승현,24 P,4.67,7,7.11,7.11,1.0,0.0,15.6,15.6,0.0,0.318,50.0,8.53,8.53,7.11,6.48,4.67,4.82,5.4,3.85,164.29,113.18,91.5,0.259,0.375,0.37,0.745,109,15.6,17.2,3.41
94,류진욱,24 P,4.68,50,7.87,4.04,1.95,0.85,19.1,9.8,9.3,0.369,64.2,5.74,6.38,6.78,6.7,4.68,3.64,4.29,1.06,118.76,125.61,98.33,0.308,0.38,0.426,0.806,760,15.2,18.0,3.92
95,노경은,24 P,4.69,77,7.64,3.44,2.22,1.08,20.3,9.1,11.1,0.265,82.8,2.9,3.23,3.87,3.75,4.69,3.36,4.06,-1.78,56.64,66.36,92.86,0.232,0.308,0.369,0.677,1338,17.4,16.0,3.82
96,문동주,24 P,4.71,21,7.76,3.07,2.53,1.13,19.1,7.6,11.6,0.388,70.0,5.17,5.74,5.63,5.61,4.71,3.32,4.01,0.46,104.67,102.99,96.82,0.327,0.382,0.488,0.87,1899,90.4,17.1,3.78
97,김대우,24 P,4.81,32,6.03,2.36,2.56,1.05,14.6,5.7,8.9,0.325,62.5,5.5,6.29,6.08,5.9,4.81,3.56,4.33,0.69,105.73,102.72,93.96,0.296,0.346,0.444,0.79,529,16.5,15.4,3.37
98,성재헌,24 P,4.85,30,5.63,4.5,1.25,0.28,12.6,10.1,2.5,0.395,57.6,7.31,8.16,7.85,7.73,4.85,4.58,5.1,2.46,144.89,138.8,97.64,0.351,0.429,0.504,0.933,564,18.8,17.6,3.55
99,김성민,24 P,4.86,46,6.7,3.35,2.0,0.99,18.1,9.0,9.0,0.31,69.6,4.34,4.73,4.96,5.33,4.86,3.64,4.31,-0.53,92.26,102.75,105.15,0.273,0.339,0.388,0.727,722,15.7,15.8,3.84
100,벤자민,24 P,4.88,28,9.38,2.89,3.25,1.68,24.4,7.5,16.9,0.285,66.9,4.63,5.41,5.21,5.11,4.88,2.75,3.37,-0.25,91.74,91.72,98.18,0.244,0.305,0.447,0.752,2507,89.5,16.8,3.92
101,김민규,24 P,4.88,7,2.84,4.26,0.67,0.0,6.7,10.0,-3.3,0.333,63.6,5.68,5.68,8.6,8.9,4.88,4.98,5.8,0.81,117.6,166.9,102.57,0.32,0.379,0.36,0.739,112,16.0,17.7,3.73
102,켈리,24 P,4.89,19,5.46,1.98,2.76,1.03,13.9,5.1,8.9,0.313,67.4,4.51,5.15,5.15,5.28,4.89,3.65,4.33,-0.37,94.69,100.36,104.22,0.29,0.331,0.421,0.752,1813,95.4,16.0,3.66
103,구승민,24 P,4.9,66,9.68,5.46,1.77,0.94,22.2,12.5,9.7,0.371,71.3,4.84,5.77,6.66,6.44,4.9,3.76,4.24,-0.06,93.22,112.51,95.94,0.293,0.395,0.414,0.809,1138,17.2,19.7,4.08
104,김재웅,24 P,4.9,26,7.23,4.56,1.58,0.76,17.8,11.2,6.5,0.306,82.4,3.42,3.42,4.28,4.63,4.9,3.99,4.61,-1.48,72.83,89.32,105.97,0.261,0.349,0.38,0.729,406,15.6,17.2,3.79
105,김사윤,24 P,4.92,23,8.76,6.08,1.44,0.49,20.8,14.5,6.4,0.365,61.2,4.62,7.05,7.31,7.29,4.92,4.37,4.64,-0.3,93.74,134.05,101.48,0.288,0.407,0.403,0.81,727,31.6,19.6,4.2
106,송명기,24 P,4.96,33,7.28,3.99,1.82,0.94,17.9,9.8,8.1,0.308,61.1,5.87,6.34,6.74,6.82,4.96,3.84,4.43,0.91,121.44,128.01,104.2,0.268,0.349,0.409,0.758,694,21.0,18.1,4.01
107,이준영,24 P,4.96,56,8.49,4.37,1.94,1.29,20.6,10.6,10.0,0.32,71.4,3.86,5.4,5.7,5.64,4.96,3.35,4.2,-1.1,78.23,103.71,102.22,0.268,0.357,0.435,0.792,622,11.1,17.8,3.89
108,김동욱,24 P,4.96,37,4.5,1.5,3.0,1.0,12.3,4.1,8.2,0.254,60.0,5.0,5.0,5.86,6.22,4.96,3.76,4.41,0.04,106.39,120.07,107.27,0.246,0.285,0.418,0.703,569,15.4,15.8,3.9
109,이충호,24 P,4.97,3,11.57,11.57,1.0,0.0,23.1,23.1,0.0,0.571,85.7,3.86,3.86,11.76,11.02,4.97,5.06,5.4,-1.11,78.03,202.14,102.19,0.4,0.538,0.5,1.038,45,15.0,19.3,3.46
110,김민우,24 P,5.0,3,9.49,4.38,2.17,1.46,26.5,12.2,14.3,0.179,100.0,2.19,2.19,2.19,2.44,5.0,3.17,3.69,-2.81,44.29,44.71,102.84,0.163,0.265,0.302,0.567,186,62.0,15.1,3.8
111,이승현,24 P,5.01,17,7.01,3.81,1.84,0.93,17.7,9.6,8.1,0.304,73.7,4.23,4.53,4.32,4.11,5.01,3.87,4.43,-0.78,81.15,71.64,97.69,0.264,0.345,0.384,0.729,1528,89.9,17.5,3.98
112,전미르,24 P,5.02,36,9.09,5.61,1.62,1.07,21.9,13.5,8.4,0.315,55.1,5.88,7.49,6.01,5.62,5.02,3.7,4.39,0.86,113.32,98.23,98.34,0.256,0.362,0.426,0.788,619,17.2,18.4,3.99
113,이상민,24 P,5.03,37,3.6,1.8,2.0,0.6,9.9,5.0,5.0,0.302,73.7,3.9,3.9,3.48,3.52,5.03,4.34,4.8,-1.13,74.9,61.33,98.1,0.282,0.342,0.382,0.724,416,11.2,13.9,3.44
114,박시후,24 P,5.04,11,6.75,4.3,1.57,0.61,15.7,10.0,5.7,0.347,61.5,6.75,6.75,6.54,6.34,5.04,4.32,4.71,1.71,131.63,112.04,99.84,0.295,0.386,0.361,0.747,259,23.5,17.7,3.7
115,더거,24 P,5.04,6,7.15,3.97,1.8,0.79,15.5,8.6,6.9,0.422,36.2,12.71,13.1,13.1,12.8,5.04,4.1,4.57,7.66,247.78,226.3,99.92,0.366,0.431,0.554,0.985,457,76.2,20.2,3.94
116,김시훈,24 P,5.04,39,6.21,4.95,1.25,0.59,15.5,12.4,3.1,0.309,69.1,4.53,5.03,4.82,4.98,5.04,4.37,5.02,-0.51,93.68,93.5,106.02,0.269,0.361,0.386,0.747,1887,48.4,17.6,3.96
117,주권,24 P,5.05,48,4.81,1.71,2.82,1.09,12.2,4.3,7.9,0.362,53.7,6.67,7.45,7.74,7.6,5.05,3.72,4.46,1.62,132.21,136.61,101.64,0.342,0.371,0.513,0.884,919,19.1,15.8,3.62
118,이선우,24 P,5.06,6,3.6,3.6,1.0,0.0,8.9,8.9,0.0,0.286,62.5,5.4,5.4,4.82,5.05,5.06,5.17,5.4,0.34,107.0,90.72,101.87,0.263,0.356,0.263,0.619,183,30.5,18.3,4.07
119,서진용,24 P,5.09,51,7.28,4.98,1.46,0.96,18.0,12.3,5.7,0.343,62.0,5.55,6.51,7.82,7.52,5.09,3.91,4.72,0.46,108.29,132.95,100.93,0.291,0.379,0.447,0.826,800,15.7,17.0,3.79
120,김강현,24 P,5.1,26,8.53,6.4,1.33,0.71,19.5,14.6,4.9,0.342,77.8,3.55,4.62,4.87,4.54,5.1,4.25,4.81,-1.54,68.45,79.28,99.77,0.275,0.393,0.373,0.766,497,19.1,19.6,4.04
121,김광현,24 P,5.1,31,8.54,4.05,2.11,1.33,21.7,10.3,11.4,0.309,70.5,4.93,5.27,5.25,5.08,5.1,3.43,4.03,-0.16,96.22,89.77,100.98,0.26,0.342,0.423,0.765,2757,88.9,17.0,3.89
122,이지강,24 P,5.11,46,6.54,4.36,1.5,0.84,15.6,10.4,5.2,0.316,65.9,4.53,5.87,6.5,6.69,5.11,4.11,4.78,-0.58,95.0,127.21,108.92,0.28,0.357,0.39,0.747,973,21.2,18.1,3.89
123,김유성,24 P,5.13,17,9.32,7.71,1.21,0.32,20.9,17.3,3.6,0.333,60.0,6.43,7.39,6.17,6.5,5.13,4.82,4.97,1.29,134.88,123.72,109.49,0.252,0.403,0.369,0.772,622,36.6,22.2,4.47
124,임준형,24 P,5.15,18,8.56,2.63,3.25,1.32,21.0,6.5,14.5,0.359,65.0,6.59,6.59,5.24,5.48,5.15,3.51,3.66,1.43,138.17,104.22,109.82,0.302,0.377,0.491,0.868,240,13.3,17.6,3.87
125,김태훈,24 P,5.16,56,6.36,3.27,1.95,1.03,16.4,8.4,8.0,0.27,75.0,3.96,4.13,4.39,4.34,5.16,3.91,4.44,-1.2,75.97,75.6,100.68,0.243,0.32,0.381,0.701,870,15.5,16.6,3.87
126,문승원,24 P,5.16,62,7.95,3.6,2.21,1.5,20.0,9.1,10.9,0.324,75.6,4.5,4.95,5.36,5.05,5.16,3.3,4.09,-0.66,87.75,89.32,102.31,0.283,0.348,0.439,0.787,1056,17.0,17.6,3.98
127,김진성,24 P,5.17,71,7.81,2.94,2.65,1.41,20.7,7.8,12.9,0.27,75.3,3.97,4.35,4.91,5.13,5.17,3.44,3.85,-1.2,83.23,97.64,110.24,0.239,0.316,0.417,0.733,1144,16.1,16.3,3.89
128,최지강,24 P,5.18,55,8.1,4.32,1.88,1.08,20.3,10.8,9.5,0.3,84.3,3.24,3.42,4.42,4.52,5.18,3.83,4.26,-1.94,67.98,85.98,110.34,0.253,0.353,0.405,0.758,878,16.0,17.6,3.96
129,김진욱,24 P,5.18,19,9.25,4.68,1.98,1.38,22.4,11.3,11.1,0.319,69.5,5.31,5.74,5.3,5.04,5.18,3.46,4.07,0.14,102.41,87.99,101.4,0.264,0.353,0.46,0.813,1630,85.8,19.3,4.2
130,이재학,24 P,5.18,21,8.37,3.62,2.31,1.47,21.0,9.1,11.9,0.31,66.2,5.52,5.87,5.71,5.86,5.18,3.36,3.97,0.34,114.22,110.01,108.93,0.266,0.339,0.473,0.812,1814,86.4,17.4,3.93
131,홍건희,24 P,5.19,65,6.83,5.01,1.36,0.76,17.0,12.5,4.5,0.294,82.6,2.73,3.34,4.19,4.36,5.19,4.29,4.85,-2.46,57.28,82.93,110.59,0.253,0.36,0.359,0.719,1034,15.9,17.4,3.92
132,조동욱,24 P,5.21,21,7.02,3.07,2.29,1.1,16.2,7.1,9.1,0.374,61.4,6.37,7.46,7.88,7.68,5.21,3.89,4.31,1.15,128.78,140.8,107.14,0.331,0.393,0.477,0.87,754,35.9,18.4,3.81
133,신민혁,24 P,5.23,25,5.5,1.19,4.63,1.49,14.1,3.1,11.1,0.296,71.1,4.31,4.98,4.56,4.67,5.23,3.4,4.07,-0.91,89.26,87.61,109.89,0.284,0.312,0.467,0.779,2003,80.1,16.6,3.82
134,김대유,24 P,5.24,37,9.36,4.32,2.17,1.44,21.3,9.8,11.5,0.397,60.5,8.28,8.28,9.52,9.57,5.24,3.46,4.02,3.04,167.94,175.92,107.99,0.34,0.402,0.505,0.907,465,12.6,18.6,3.81
135,이종준,24 P,5.25,27,9.69,5.54,1.75,1.39,23.5,13.4,10.1,0.314,80.6,4.15,4.5,4.38,4.5,5.25,3.5,4.19,-1.09,87.15,85.68,111.84,0.255,0.356,0.422,0.778,489,18.1,18.8,4.11
136,윤영철,24 P,5.26,18,6.39,4.74,1.35,0.88,16.0,11.9,4.1,0.3,71.3,4.19,4.85,4.7,4.61,5.26,4.19,4.9,-1.07,84.94,84.75,108.41,0.263,0.353,0.391,0.744,1444,80.2,17.7,3.99
137,김윤하,24 P,5.27,19,4.9,3.99,1.23,0.68,11.8,9.6,2.2,0.322,60.5,6.04,6.49,6.26,6.67,5.27,4.5,5.14,0.77,128.48,128.69,114.02,0.296,0.369,0.436,0.805,1311,69.0,16.6,3.61
138,문성현,24 P,5.29,42,7.28,5.87,1.24,0.7,16.4,13.2,3.2,0.402,68.8,6.57,6.57,6.94,7.26,5.29,4.48,5.02,1.28,139.89,139.98,114.44,0.342,0.431,0.462,0.893,751,17.9,19.6,3.97
139,황동하,24 P,5.3,25,7.06,3.83,1.84,1.13,17.5,9.5,8.0,0.305,67.8,4.44,5.57,5.19,5.19,5.3,3.92,4.44,-0.85,90.09,95.36,109.17,0.268,0.349,0.408,0.757,1814,72.6,17.6,3.91
140,최성영,24 P,5.3,24,5.59,3.28,1.71,1.35,13.3,7.8,5.5,0.348,62.5,5.79,7.14,7.23,7.25,5.3,3.9,4.74,0.48,119.7,135.96,111.54,0.33,0.376,0.487,0.863,809,33.7,17.3,3.71
141,오승환,24 P,5.31,58,6.87,2.95,2.33,1.47,16.0,6.9,9.2,0.355,72.3,4.91,5.89,6.6,6.17,5.31,3.5,4.3,-0.4,94.28,107.49,103.61,0.321,0.372,0.526,0.898,1002,17.3,18.2,3.82
142,장시환,24 P,5.31,30,7.56,5.94,1.27,0.81,17.9,14.1,3.8,0.313,56.6,5.13,7.29,5.95,5.96,5.31,4.33,4.94,-0.18,103.78,109.39,109.15,0.266,0.373,0.398,0.771,640,21.3,19.2,4.1
142,소이현,24 P,5.31,4,2.7,2.7,1.0,0.0,5.3,5.3,0.0,0.375,12.5,13.5,18.9,16.07,16.65,5.31,5.53,5.4,8.19,279.31,312.37,111.63,0.353,0.421,0.529,0.95,64,16.0,19.2,3.37
144,김도현,24 P,5.31,35,7.08,3.72,1.9,1.08,17.1,9.0,8.1,0.335,71.9,4.92,5.4,5.5,5.42,5.31,3.99,4.43,-0.39,99.79,99.68,109.53,0.291,0.372,0.425,0.797,1330,38.0,17.7,3.86
145,송영진,24 P,5.33,26,6.07,4.62,1.31,0.91,14.7,11.2,3.5,0.317,60.0,5.8,6.7,6.17,6.06,5.33,4.23,4.98,0.46,113.08,107.19,105.7,0.283,0.364,0.417,0.781,1815,69.8,18.3,3.98
146,최성훈,24 P,5.34,28,6.92,6.23,1.11,0.69,16.4,14.8,1.6,0.325,60.9,6.92,6.92,6.44,6.07,5.34,4.54,5.2,1.59,132.96,105.72,104.18,0.292,0.393,0.375,0.768,270,9.6,20.8,4.43
147,손동현,24 P,5.34,42,5.13,3.8,1.35,0.95,12.6,9.3,3.3,0.285,62.5,5.32,5.89,6.28,6.24,5.34,4.23,5.01,-0.02,105.49,112.09,107.53,0.267,0.336,0.39,0.726,767,18.3,16.2,3.58
148,홍민기,24 P,5.37,3,4.91,2.46,2.0,0.0,8.3,4.2,4.2,0.421,36.4,12.27,17.18,12.64,11.95,5.37,5.55,4.9,6.9,236.47,208.78,105.19,0.381,0.458,0.524,0.982,99,33.0,27.0,4.13
149,시라카와,24 P,5.39,12,7.22,5.18,1.39,0.94,17.4,12.5,4.9,0.305,62.1,5.65,6.44,5.93,6.0,5.39,4.23,4.81,0.27,115.21,110.92,111.57,0.263,0.363,0.379,0.742,1053,87.8,18.4,3.99
150,김규연,24 P,5.4,58,6.1,4.27,1.43,0.92,14.8,10.4,4.4,0.321,53.3,7.02,7.63,7.16,7.05,5.4,4.29,4.87,1.62,141.96,129.32,110.93,0.287,0.37,0.417,0.787,1029,17.7,17.4,3.81
151,이상규,24 P,5.4,21,7.59,4.22,1.8,1.41,18.1,10.1,8.1,0.343,72.9,5.63,5.63,5.33,5.29,5.4,3.66,4.43,0.22,113.8,97.08,111.07,0.298,0.374,0.481,0.855,614,29.2,19.2,4.12
152,요키시,24 P,5.41,8,7.32,4.58,1.6,1.14,16.9,10.6,6.3,0.362,66.7,5.72,6.64,6.56,6.86,5.41,4.0,4.64,0.31,118.35,128.7,113.79,0.313,0.392,0.497,0.889,756,94.5,19.2,4.0
153,진우영,24 P,5.41,6,7.04,4.7,1.5,1.17,17.1,11.4,5.7,0.292,72.7,4.7,4.7,4.7,4.89,5.41,4.04,4.71,-0.72,98.52,92.96,115.4,0.267,0.343,0.467,0.81,142,23.7,18.5,4.06
154,이용준,24 P,5.42,9,6.95,3.74,1.86,1.34,16.6,8.9,7.6,0.339,58.0,6.68,7.49,6.79,7.1,5.42,3.78,4.48,1.27,138.27,133.11,113.9,0.302,0.368,0.482,0.85,603,67.0,17.9,3.84
155,김동주,24 P,5.43,14,6.3,3.78,1.67,1.08,14.3,8.6,5.7,0.345,54.8,6.84,8.28,7.64,7.9,5.43,4.11,4.71,1.41,143.51,150.27,115.72,0.315,0.379,0.484,0.863,914,65.3,18.3,3.75
156,윤정현,24 P,5.43,2,3.0,6.0,0.5,0.0,6.7,13.3,-6.7,0.333,50.0,9.0,9.0,9.0,9.41,5.43,5.59,6.2,3.57,191.51,181.57,117.48,0.308,0.4,0.308,0.708,62,31.0,20.7,4.13
157,백정현,24 P,5.45,17,6.41,3.09,2.07,1.49,15.6,7.5,8.1,0.35,66.7,5.95,6.41,6.27,5.83,5.45,3.6,4.43,0.5,114.26,101.49,106.37,0.319,0.37,0.497,0.867,1288,75.8,16.4,3.58
158,이우찬,24 P,5.46,42,8.29,8.02,1.03,0.54,18.0,17.4,0.6,0.374,54.3,8.82,9.36,8.86,8.94,5.46,4.85,5.33,3.36,185.09,169.99,116.39,0.3,0.427,0.4,0.827,678,16.1,20.1,3.94
159,최준호,24 P,5.46,17,7.22,3.73,1.93,1.37,18.5,9.6,8.9,0.275,67.0,5.1,5.47,5.19,5.24,5.46,3.77,4.33,-0.36,107.03,99.63,116.45,0.246,0.328,0.407,0.735,1227,72.2,17.0,3.91
160,임기영,24 P,5.47,37,7.1,3.35,2.12,1.58,16.5,7.8,8.7,0.344,64.7,6.31,6.9,7.33,7.37,5.47,3.52,4.35,0.84,127.91,135.58,112.69,0.313,0.366,0.497,0.863,866,23.4,19.0,3.97
161,소형준,24 P,5.47,6,3.24,1.08,3.0,1.08,10.0,3.3,6.7,0.25,75.0,3.24,3.24,2.7,2.59,5.47,4.12,4.6,-2.23,64.2,46.51,110.17,0.25,0.3,0.429,0.729,120,20.0,14.4,4.0
162,최하늘,24 P,5.47,27,5.06,4.5,1.13,0.56,12.9,11.5,1.4,0.25,60.5,5.34,5.63,5.86,5.72,5.47,4.84,5.23,-0.13,102.63,99.62,106.85,0.234,0.338,0.324,0.662,579,21.4,18.1,4.17
163,김기훈,24 P,5.48,17,7.78,6.86,1.13,0.46,17.9,15.8,2.1,0.254,63.6,5.03,5.95,6.68,6.71,5.48,5.0,5.15,-0.45,102.1,123.31,112.96,0.208,0.358,0.325,0.683,386,22.7,19.6,4.06
164,박승주,24 P,5.49,15,6.75,4.67,1.44,1.04,17.6,12.2,5.4,0.298,56.5,6.75,6.75,6.2,6.56,5.49,4.25,4.75,1.26,143.63,126.63,118.63,0.262,0.361,0.393,0.754,308,20.5,17.8,4.16
165,한승주,24 P,5.52,18,5.73,4.09,1.4,0.82,11.7,8.3,3.3,0.483,49.1,11.45,12.68,12.33,12.5,5.52,4.57,5.0,5.93,231.73,229.2,113.53,0.433,0.492,0.567,1.059,457,25.4,20.8,3.81
166,오원석,24 P,5.52,29,8.29,4.81,1.72,1.26,20.4,11.8,8.5,0.308,72.7,5.03,5.33,5.08,4.96,5.52,3.96,4.37,-0.49,98.09,87.7,109.44,0.261,0.365,0.404,0.769,2208,76.1,18.1,4.01
167,김영준,24 P,5.58,14,6.46,5.28,1.22,1.17,14.5,11.8,2.6,0.359,48.1,8.22,9.98,9.77,10.23,5.58,4.15,5.08,2.64,172.41,194.57,118.87,0.318,0.4,0.455,0.855,325,23.2,21.2,4.28
168,이준호,24 P,5.58,38,7.66,4.74,1.62,1.28,17.3,10.7,6.6,0.393,65.6,7.48,7.48,8.46,8.64,5.58,4.02,4.61,1.9,154.75,162.17,117.36,0.34,0.415,0.493,0.908,1019,26.8,20.7,4.19
169,박범준,24 P,5.59,5,13.5,6.75,2.0,1.69,28.6,14.3,14.3,0.429,36.4,13.5,13.5,12.32,11.88,5.59,3.49,3.69,7.91,287.26,229.19,120.81,0.333,0.429,0.571,1.0,119,23.8,22.3,4.25
169,박세진,24 P,5.59,6,3.38,6.75,0.5,0.0,8.0,16.0,-8.0,0.368,63.6,3.38,6.75,10.46,10.37,5.59,5.7,6.36,-2.21,66.87,186.38,112.49,0.333,0.44,0.381,0.821,107,17.8,20.1,4.28
171,채원후,24 P,5.63,3,6.0,9.0,0.67,0.0,11.1,16.7,-5.6,0.462,55.6,12.0,12.0,12.0,11.86,5.63,5.79,6.07,6.37,248.28,222.52,118.43,0.4,0.5,0.533,1.033,73,24.3,24.3,4.06
172,전용주,24 P,5.64,4,21.6,16.2,1.33,0.0,36.4,27.3,9.1,0.667,50.0,10.8,16.2,17.01,17.02,5.64,5.68,4.31,5.16,213.99,305.8,113.55,0.286,0.545,0.286,0.831,50,12.5,30.0,4.55
173,이로운,24 P,5.65,62,6.59,6.91,0.95,0.64,14.8,15.5,-0.7,0.344,65.4,5.95,6.91,6.44,6.22,5.65,4.91,5.49,0.29,115.96,109.91,112.06,0.3,0.412,0.413,0.825,1138,18.4,20.3,4.11
174,황준서,24 P,5.67,36,8.75,6.38,1.37,1.13,20.5,15.0,5.6,0.348,74.8,5.38,5.5,5.51,5.42,5.67,4.29,4.73,-0.29,108.74,99.51,116.51,0.287,0.401,0.441,0.842,1412,39.2,19.6,4.14
175,최지민,24 P,5.67,56,7.24,7.83,0.93,0.39,16.4,17.8,-1.3,0.298,70.6,5.09,5.48,5.85,5.88,5.67,5.26,5.56,-0.58,103.17,108.12,116.89,0.25,0.393,0.352,0.745,915,16.3,19.9,4.07
176,김재윤,24 P,5.69,65,6.96,3.41,2.04,1.77,18.0,8.8,9.2,0.238,71.2,4.09,5.05,5.11,4.81,5.69,3.48,4.3,-1.6,78.57,83.79,111.09,0.232,0.301,0.432,0.733,1092,16.8,16.5,3.85
177,최승용,24 P,5.7,12,7.0,2.33,3.0,2.0,16.9,5.6,11.3,0.348,69.4,6.0,6.33,6.8,6.85,5.7,3.19,4.05,0.3,125.88,130.37,121.6,0.319,0.358,0.552,0.91,457,38.1,16.9,3.69
178,하준호,24 P,5.75,2,0.0,4.5,0.0,0.0,0.0,9.1,-9.1,0.5,66.7,9.0,9.0,9.0,8.38,5.75,5.88,6.49,3.25,178.33,150.58,115.77,0.5,0.545,0.5,1.045,40,20.0,20.0,3.64
179,우강훈,24 P,5.78,14,7.71,6.17,1.25,0.0,17.5,14.0,3.5,0.333,76.0,3.09,4.63,4.51,4.58,5.78,5.85,4.98,-2.69,64.74,87.1,123.16,0.256,0.439,0.279,0.718,225,16.1,19.3,3.95
180,진해수,24 P,5.82,54,7.16,3.25,2.2,1.63,17.2,7.8,9.4,0.352,66.7,6.18,6.83,7.66,7.29,5.82,3.76,4.28,0.36,119.09,127.36,113.93,0.316,0.383,0.474,0.857,471,8.7,17.0,3.68
181,페냐,24 P,5.83,9,6.99,4.82,1.45,1.45,17.0,11.7,5.3,0.302,62.3,6.27,6.75,6.58,6.62,5.83,4.04,4.77,0.44,126.8,121.49,119.87,0.275,0.357,0.436,0.793,702,78.0,18.8,4.11
182,김승현,24 P,5.86,14,5.5,3.5,1.57,1.5,12.9,8.2,4.7,0.313,69.2,4.0,6.0,5.98,5.85,5.86,4.0,4.84,-1.86,81.13,107.53,120.79,0.295,0.353,0.5,0.853,289,20.6,16.1,3.4
183,박주현,24 P,5.87,3,12.0,3.0,4.0,3.0,30.8,7.7,23.1,0.286,66.7,6.0,6.0,6.0,5.44,5.87,2.01,2.63,0.13,124.14,102.05,123.34,0.25,0.308,0.5,0.808,51,17.0,17.0,3.92
184,김대현,24 P,5.87,37,7.71,4.63,1.67,1.54,19.4,11.6,7.7,0.273,71.1,5.4,5.4,6.43,6.56,5.87,3.95,4.47,-0.47,113.3,124.72,125.11,0.248,0.342,0.444,0.786,560,15.1,16.0,3.61
185,알칸타라,24 P,5.88,12,4.76,3.08,1.55,1.4,12.6,8.1,4.4,0.24,69.1,4.76,4.9,4.85,5.09,5.88,4.14,4.87,-1.13,99.79,96.86,125.46,0.238,0.306,0.418,0.724,1043,86.9,16.2,3.86
186,김기중,24 P,5.89,27,5.95,4.12,1.44,1.22,13.6,9.4,4.2,0.366,68.6,6.56,6.71,6.5,6.56,5.89,4.4,4.9,0.67,132.7,120.28,121.18,0.333,0.407,0.486,0.893,1090,40.4,18.5,3.81
187,최준용,24 P,5.92,27,4.99,5.82,0.86,0.83,11.4,13.3,-1.9,0.351,75.0,5.4,5.4,6.46,6.02,5.92,4.96,5.63,-0.52,104.05,105.17,115.85,0.322,0.417,0.437,0.854,431,16.0,19.9,4.1
188,김현수,24 P,5.92,5,7.2,9.0,0.8,0.0,14.3,17.9,-3.6,0.389,23.1,18.0,18.0,18.27,18.33,5.92,6.08,5.83,12.08,365.08,337.13,122.01,0.333,0.464,0.524,0.988,105,21.0,21.0,3.75
189,김건국,24 P,5.92,20,5.24,3.67,1.43,1.31,12.1,8.5,3.6,0.347,54.4,7.86,8.65,8.15,8.14,5.92,4.31,4.96,1.94,159.5,149.72,122.03,0.327,0.388,0.483,0.871,594,29.7,17.3,3.6
190,이상영,24 P,5.98,8,4.41,4.41,1.0,0.55,10.7,10.7,0.0,0.259,80.8,3.31,3.31,3.88,4.2,5.98,5.34,5.4,-2.67,69.36,79.85,127.52,0.242,0.36,0.29,0.65,302,37.8,18.5,4.03
191,정철원,24 P,6.0,36,10.86,7.24,1.5,1.39,23.6,15.8,7.9,0.382,73.0,6.4,6.68,7.11,7.01,6.0,4.27,4.45,0.41,134.32,133.38,127.85,0.295,0.427,0.492,0.919,634,17.6,19.6,3.84
192,조영건,24 P,6.01,25,7.09,5.49,1.29,1.6,15.7,12.2,3.6,0.326,56.1,8.01,8.92,8.13,8.83,6.01,4.34,4.97,1.99,170.41,170.28,130.06,0.304,0.388,0.5,0.888,734,29.4,18.7,3.73
193,최동환,24 P,6.04,26,5.73,3.68,1.56,1.64,13.3,8.6,4.8,0.397,68.4,6.95,7.36,8.06,8.52,6.04,4.04,4.83,0.91,145.91,162.1,128.79,0.372,0.419,0.564,0.983,392,15.1,17.8,3.73
194,이믿음,24 P,6.05,1,4.5,9.0,0.5,0.0,7.4,14.8,-7.4,0.524,53.3,15.75,15.75,15.75,16.98,6.05,6.3,6.29,9.7,330.45,323.0,128.98,0.478,0.556,0.565,1.121,96,96.0,24.0,3.56
195,김호준,24 P,6.06,16,4.05,2.7,1.5,0.68,8.8,5.9,2.9,0.429,56.7,8.78,9.45,10.13,9.94,6.06,5.29,5.05,2.72,184.11,189.0,129.19,0.393,0.477,0.589,1.066,237,14.8,17.8,3.49
196,최이준,24 P,6.06,23,6.2,5.84,1.06,1.1,13.5,12.7,0.8,0.425,66.0,7.3,8.03,10.16,9.76,6.06,4.74,5.3,1.24,140.61,170.49,118.66,0.385,0.46,0.548,1.008,479,20.8,19.4,3.8
197,최원준,24 P,6.07,24,5.89,2.78,2.12,1.72,14.7,6.9,7.8,0.296,64.3,6.46,6.46,5.76,5.94,6.07,3.94,4.47,0.39,135.61,113.04,129.52,0.283,0.346,0.489,0.835,1929,80.4,17.5,3.94
198,박치국,24 P,6.1,52,6.56,3.38,1.94,1.5,15.8,8.1,7.7,0.345,69.7,6.38,6.38,6.57,6.7,6.1,4.23,4.48,0.27,133.75,127.53,130.13,0.316,0.397,0.476,0.873,803,15.4,16.7,3.62
199,이기순,24 P,6.14,10,10.98,10.53,1.04,0.92,25.5,24.5,1.1,0.233,78.8,3.66,4.58,4.19,4.12,6.14,5.02,5.27,-2.48,71.39,72.82,121.71,0.174,0.387,0.275,0.662,423,42.3,21.5,4.5
200,김명신,24 P,6.15,35,6.89,2.2,3.13,2.2,14.9,4.8,10.1,0.447,62.9,9.37,9.37,10.61,11.17,6.15,3.39,4.19,3.22,196.53,212.44,131.11,0.409,0.44,0.61,1.05,650,18.6,19.9,3.87
201,최종인,24 P,6.2,11,7.45,4.66,1.6,1.86,19.0,11.9,7.1,0.222,90.0,3.72,3.72,4.66,4.71,6.2,3.85,4.54,-2.47,78.13,89.58,132.1,0.222,0.31,0.389,0.699,167,15.2,17.3,3.98
202,고효준,24 P,6.25,26,11.05,8.18,1.35,1.64,24.8,18.3,6.4,0.339,60.5,8.18,8.59,7.88,7.36,6.25,4.18,4.63,1.93,159.55,130.1,123.94,0.271,0.407,0.459,0.866,482,18.5,21.9,4.42
203,김선기,24 P,6.28,42,5.07,3.54,1.43,1.53,12.0,8.4,3.6,0.298,69.7,5.54,6.01,6.32,6.5,6.28,4.39,4.96,-0.74,117.92,125.35,135.79,0.292,0.359,0.474,0.833,1318,31.4,17.3,3.69
204,박민호,24 P,6.29,19,3.97,2.78,1.43,1.59,10.2,7.1,3.1,0.28,71.4,4.76,5.56,6.79,6.27,6.29,4.32,5.03,-1.53,92.92,110.8,124.66,0.287,0.347,0.46,0.807,352,18.5,15.5,3.59
205,임상현,24 P,6.29,12,4.69,5.13,0.91,1.12,11.6,12.7,-1.1,0.315,56.3,6.47,7.81,7.7,7.64,6.29,4.96,5.53,0.18,133.88,143.24,132.34,0.303,0.392,0.487,0.879,667,55.6,16.5,3.69
206,장지훈,24 P,6.3,18,4.22,4.22,1.0,1.27,9.9,9.9,0.0,0.342,66.7,6.75,6.75,7.76,7.62,6.3,4.76,5.4,0.45,131.63,134.65,124.84,0.33,0.4,0.5,0.9,372,20.7,17.4,3.68
206,윤대경,24 P,6.3,7,8.22,7.04,1.17,1.17,17.5,15.0,2.5,0.36,50.0,10.57,10.57,11.97,11.77,6.3,4.93,5.1,4.27,213.74,215.91,129.51,0.345,0.425,0.552,0.977,149,21.3,19.4,3.73
208,이교훈,24 P,6.31,33,6.88,4.33,1.59,1.78,16.3,10.2,6.0,0.324,57.7,7.39,8.15,8.32,8.78,6.31,4.06,4.68,1.07,154.98,167.11,134.61,0.297,0.378,0.531,0.909,653,19.8,18.5,3.93
209,나균안,24 P,6.32,26,9.12,5.8,1.57,1.85,19.5,12.4,7.1,0.42,64.1,8.51,9.0,9.06,8.73,6.32,3.99,4.55,2.19,163.91,152.53,123.72,0.353,0.44,0.551,0.991,1491,57.3,20.4,3.92
210,양지율,24 P,6.39,21,3.38,6.27,0.54,0.48,8.4,15.7,-7.2,0.25,60.0,6.27,6.27,5.45,5.92,6.39,5.87,6.27,-0.12,133.37,114.3,138.19,0.235,0.373,0.338,0.711,345,16.4,18.5,4.16
211,이재익,24 P,6.39,9,5.59,3.72,1.5,1.86,10.3,6.9,3.4,0.587,46.7,17.69,17.69,16.53,17.15,6.39,4.05,4.99,11.3,339.75,298.67,124.77,0.537,0.569,0.704,1.273,222,24.7,23.0,3.83
212,육청명,24 P,6.41,13,4.03,4.03,1.0,1.21,9.6,9.6,0.0,0.299,67.1,5.44,6.25,5.83,5.85,6.41,4.95,5.4,-0.97,107.79,105.17,129.14,0.297,0.379,0.486,0.865,766,58.9,17.1,3.68
213,정찬헌,24 P,6.42,4,2.81,1.69,1.67,1.69,6.8,4.1,2.7,0.371,61.5,7.88,7.88,7.48,7.26,6.42,4.34,5.08,1.45,167.57,139.99,138.92,0.371,0.405,0.571,0.976,240,60.0,15.0,3.24
214,최민준,24 P,6.43,32,9.15,5.49,1.67,2.06,19.8,11.9,7.9,0.419,69.3,7.78,8.24,9.43,9.17,6.43,3.83,4.45,1.35,151.71,162.09,127.41,0.353,0.44,0.572,1.012,782,24.4,19.9,3.87
215,이민석,24 P,6.44,18,5.81,7.26,0.8,0.87,13.1,16.3,-3.3,0.34,62.3,7.26,7.84,7.43,7.14,6.44,5.39,5.79,0.82,139.85,124.8,126.06,0.302,0.425,0.46,0.885,627,34.8,20.2,4.1
216,현도훈,24 P,6.44,8,7.2,5.4,1.33,1.8,16.0,12.0,4.0,0.382,55.6,9.0,9.9,10.85,9.99,6.44,4.16,4.92,2.56,173.41,174.49,126.09,0.341,0.42,0.591,1.011,193,24.1,19.3,3.86
217,조이현,24 P,6.46,16,4.28,2.25,1.9,2.03,10.3,5.4,4.9,0.308,68.6,6.3,6.53,6.17,5.93,6.46,3.94,4.81,-0.16,124.83,106.51,130.16,0.314,0.352,0.55,0.902,636,39.8,15.9,3.46
218,김영현,24 P,6.48,8,9.82,8.59,1.14,1.23,20.5,17.9,2.6,0.364,68.8,4.91,7.36,7.79,7.47,6.48,4.96,5.09,-1.57,97.27,134.26,130.41,0.29,0.436,0.452,0.888,140,17.5,19.1,3.59
219,장재혁,24 P,6.52,1,0.0,6.75,0.0,0.0,0.0,14.3,-14.3,0.333,100.0,0.0,0.0,0.0,0.0,6.52,6.62,7.11,-6.52,0.0,0.0,134.48,0.333,0.429,0.333,0.762,27,27.0,20.3,3.86
220,전사민,24 P,6.53,17,6.47,6.47,1.0,1.14,13.3,13.3,0.0,0.414,61.8,9.51,9.51,9.91,10.02,6.53,5.14,5.4,2.98,196.7,187.93,137.33,0.371,0.465,0.533,0.998,479,28.2,20.2,3.74
221,유승철,24 P,6.54,5,7.2,12.6,0.57,0.0,17.4,30.4,-13.0,0.25,70.0,5.4,5.4,3.24,3.54,6.54,6.66,6.97,-1.14,109.52,65.17,134.78,0.188,0.435,0.25,0.685,102,20.4,20.4,4.43
222,박신지,24 P,6.55,6,3.12,8.31,0.38,0.0,7.3,19.5,-12.2,0.286,82.4,2.08,3.12,4.21,4.18,6.55,6.68,6.86,-4.48,43.58,79.44,139.72,0.258,0.425,0.323,0.748,161,26.8,18.6,3.93
223,송재영,24 P,6.59,19,9.72,5.4,1.8,2.16,22.5,12.5,10.0,0.333,41.7,10.8,10.8,11.23,10.38,6.59,3.84,4.2,4.21,208.1,181.43,128.99,0.29,0.395,0.581,0.976,162,8.5,19.4,4.05
224,함덕주,24 P,6.65,15,6.17,5.4,1.14,1.54,14.8,13.0,1.9,0.333,77.8,5.4,5.4,3.82,4.02,6.65,4.73,5.18,-1.25,113.3,76.56,141.8,0.302,0.412,0.488,0.9,205,13.7,17.6,3.8
225,손현기,24 P,6.67,6,5.65,5.02,1.13,1.26,13.0,11.6,1.4,0.319,56.0,7.53,8.79,8.35,8.66,6.67,5.13,5.23,0.87,160.33,167.05,144.21,0.298,0.406,0.491,0.897,269,44.8,18.8,3.9
226,김진수,24 P,6.68,7,4.05,2.7,1.5,2.03,10.3,6.9,3.4,0.311,64.7,6.75,6.75,6.18,6.15,6.68,4.13,4.99,0.07,141.62,117.04,142.47,0.315,0.362,0.519,0.881,220,31.4,16.5,3.79
227,최채흥,24 P,6.69,14,6.3,5.4,1.17,1.8,14.6,12.5,2.1,0.313,70.0,6.3,6.75,7.45,7.37,6.69,4.44,5.15,-0.39,121.0,128.38,130.56,0.3,0.383,0.538,0.921,359,25.6,18.0,3.74
228,서의태,24 P,6.7,11,8.22,9.39,0.88,1.17,20.6,23.5,-2.9,0.222,41.7,9.39,9.39,8.57,8.78,6.7,5.19,5.75,2.69,194.3,164.72,140.95,0.192,0.382,0.346,0.728,149,13.5,19.4,4.38
229,박종훈,24 P,6.72,10,8.74,5.4,1.62,1.8,20.7,12.8,7.9,0.319,67.9,6.94,7.2,6.71,6.68,6.72,4.43,4.45,0.22,135.39,118.15,133.16,0.276,0.402,0.485,0.887,662,66.2,18.9,4.04
230,김인범,24 P,6.73,19,3.84,4.41,0.87,1.28,9.1,10.4,-1.3,0.3,73.3,5.4,5.68,5.58,5.77,6.73,5.18,5.56,-1.33,114.91,111.26,145.61,0.294,0.386,0.439,0.825,1129,59.4,17.8,3.8
231,김연주,24 P,6.74,34,5.17,4.88,1.06,1.44,12.2,11.5,0.7,0.282,65.3,6.61,6.89,7.04,7.43,6.74,4.97,5.32,-0.13,140.58,143.31,145.74,0.272,0.378,0.472,0.85,576,16.9,18.4,3.89
232,이형범,24 P,6.77,16,5.4,4.2,1.29,1.2,10.8,8.4,2.4,0.4,60.0,7.8,10.2,9.48,9.66,6.77,5.28,5.11,1.03,158.2,177.63,139.46,0.371,0.458,0.514,0.972,296,18.5,19.7,3.57
233,최우석,24 P,6.78,9,8.31,6.23,1.33,2.08,21.6,16.2,5.4,0.238,100.0,3.12,3.12,4.36,4.59,6.78,4.14,4.75,-3.67,64.46,86.19,142.64,0.226,0.351,0.484,0.835,139,15.4,16.0,3.76
234,백승현,24 P,6.9,36,4.73,7.43,0.64,1.01,10.4,16.3,-5.9,0.33,54.7,9.11,9.45,8.64,8.92,6.9,5.7,6.11,2.21,191.19,169.78,147.1,0.314,0.432,0.467,0.899,536,14.9,20.1,3.97
235,이호성,24 P,6.95,16,5.6,5.2,1.08,1.8,12.5,11.6,0.9,0.365,67.9,7.4,7.8,7.84,7.39,6.95,4.73,5.29,0.45,142.12,128.64,135.7,0.351,0.425,0.574,0.999,952,59.5,21.2,4.25
236,박윤성,24 P,7.01,17,6.75,4.34,1.56,2.41,17.3,11.1,6.2,0.173,68.8,5.79,5.79,6.46,6.62,7.01,3.95,4.66,-1.22,123.11,127.81,151.51,0.2,0.288,0.486,0.774,301,17.7,16.1,3.72
237,윤호솔,24 P,7.04,7,10.39,16.62,0.63,0.0,20.8,33.3,-12.5,0.364,83.3,4.15,4.15,3.43,3.44,7.04,7.16,6.9,-2.88,87.15,65.41,150.05,0.25,0.5,0.25,0.75,109,15.6,25.2,4.54
238,홍원표,24 P,7.04,4,7.11,8.53,0.83,1.42,17.9,21.4,-3.6,0.188,77.8,4.26,4.26,5.97,5.43,7.04,5.27,5.83,-2.78,81.88,94.49,137.43,0.2,0.357,0.4,0.757,112,28.0,17.7,4.0
239,김민규,24 P,7.06,13,6.84,6.84,1.0,1.44,16.2,16.2,0.0,0.271,80.0,4.32,5.04,4.37,4.3,7.06,5.28,5.4,-2.74,90.64,81.84,150.43,0.247,0.397,0.495,0.892,452,34.8,18.1,3.86
240,전준표,24 P,7.09,18,5.86,6.51,0.9,1.3,12.5,13.9,-1.4,0.32,59.3,6.83,9.11,8.78,8.93,7.09,5.48,5.57,-0.26,145.36,172.22,153.41,0.294,0.417,0.429,0.846,570,31.7,20.6,3.96
241,김도윤,24 P,7.11,2,3.86,7.71,0.5,0.0,8.3,16.7,-8.3,0.25,60.0,3.86,7.71,7.71,8.32,7.11,7.25,6.4,-3.26,80.93,158.2,151.67,0.222,0.417,0.333,0.75,44,22.0,18.9,3.67
242,이종민,24 P,7.22,12,4.33,4.53,0.95,1.86,9.9,10.4,-0.5,0.305,62.9,7.63,8.04,7.44,7.72,7.22,4.91,5.46,0.4,162.27,148.91,156.23,0.313,0.393,0.542,0.935,754,62.8,17.3,3.56
243,김도규,24 P,7.27,5,11.25,13.5,0.83,0.0,20.0,24.0,-4.0,0.417,69.2,9.0,9.0,7.43,8.06,7.27,7.41,5.88,1.73,173.41,140.89,142.44,0.333,0.52,0.4,0.92,92,18.4,23.0,3.68
244,김윤수,24 P,7.33,4,3.38,11.81,0.29,0.0,7.7,26.9,-19.2,0.375,53.8,10.13,10.13,11.31,10.93,7.33,7.43,7.71,2.79,194.46,190.31,143.08,0.375,0.52,0.375,0.895,105,26.3,19.7,4.04
245,임준섭,24 P,7.37,24,2.38,8.74,0.27,0.0,5.4,19.6,-14.3,0.308,57.7,7.94,8.74,7.11,6.62,7.37,7.45,7.11,0.57,153.01,115.6,144.25,0.286,0.464,0.381,0.845,233,9.7,20.6,4.16
246,양현,24 P,7.37,18,6.92,3.46,2.0,2.77,15.6,7.8,7.8,0.395,76.2,7.62,7.62,7.17,6.71,7.37,3.84,4.46,0.25,146.26,116.89,143.82,0.375,0.429,0.625,1.054,242,13.4,18.6,3.78
247,한차현,24 P,7.4,10,8.05,8.53,0.94,1.9,16.5,17.5,-1.0,0.391,61.0,9.95,10.42,9.33,9.4,7.4,5.03,5.52,2.54,197.1,168.81,149.1,0.345,0.456,0.56,1.016,429,42.9,22.6,4.17
248,유지성,24 P,7.41,3,11.57,0.0,,3.86,21.4,0.0,21.4,0.444,40.0,7.71,15.43,10.8,10.82,7.41,2.4,2.83,0.3,156.46,199.0,152.81,0.385,0.429,0.615,1.044,51,17.0,21.9,3.64
249,정지헌,24 P,7.42,17,8.03,8.03,1.0,1.46,15.9,15.9,0.0,0.405,50.0,11.68,13.14,11.42,11.87,7.42,5.61,5.4,4.26,244.96,225.81,158.17,0.352,0.478,0.5,0.978,272,16.0,22.1,3.94
250,김범수,24 P,7.44,39,10.06,5.29,1.9,2.91,24.2,12.7,11.5,0.268,88.4,5.29,5.29,6.64,6.53,7.44,3.68,4.02,-2.15,107.1,119.73,153.03,0.254,0.372,0.523,0.895,669,17.2,19.7,4.26
251,문용익,24 P,7.48,12,9.0,11.65,0.77,1.06,17.2,22.2,-5.1,0.382,45.5,12.18,14.29,15.11,15.15,7.48,6.18,6.01,4.7,241.27,272.25,150.53,0.315,0.48,0.452,0.932,377,31.4,22.2,3.81
252,이의리,24 P,7.51,4,9.45,9.45,1.0,2.03,20.3,20.3,0.0,0.368,77.8,5.4,6.75,6.75,6.9,7.51,4.94,5.4,-2.11,109.52,126.88,154.73,0.309,0.449,0.527,0.976,288,72.0,21.6,4.17
253,박명근,24 P,7.57,33,4.62,4.26,1.08,2.13,10.8,10.0,0.8,0.274,66.7,6.39,7.11,7.34,7.79,7.57,4.89,5.3,-1.18,134.17,148.25,161.41,0.287,0.373,0.505,0.878,446,13.5,17.6,3.72
254,성동현,24 P,7.6,2,4.5,13.5,0.33,0.0,12.5,37.5,-25.0,0.0,100.0,0.0,0.0,0.0,0.0,7.6,7.6,8.4,-7.6,0.0,0.0,162.03,0.0,0.375,0.0,0.375,36,18.0,18.0,4.5
255,윤석원,24 P,7.72,11,0.52,3.64,0.14,1.56,1.1,8.0,-6.8,0.378,44.4,11.42,12.46,12.57,12.91,7.72,5.85,6.22,3.7,243.07,249.15,167.03,0.413,0.46,0.68,1.14,321,29.2,18.5,3.65
256,이채호,24 P,7.75,9,6.75,4.05,1.67,2.7,13.5,8.1,5.4,0.423,71.4,9.45,9.45,9.45,9.51,7.75,4.34,4.75,1.7,187.24,170.78,156.14,0.406,0.459,0.656,1.115,151,16.8,22.7,4.08
257,이인복,24 P,7.79,8,5.46,3.55,1.54,2.73,12.6,8.2,4.4,0.348,58.8,9.55,9.55,9.83,9.35,7.79,4.31,4.87,1.75,183.92,163.29,152.6,0.358,0.411,0.679,1.09,580,72.5,17.6,3.65
258,이건욱,24 P,7.87,10,8.05,7.11,1.13,2.37,16.0,14.2,1.9,0.433,59.1,11.37,11.84,11.51,11.46,7.87,4.88,5.17,3.5,221.69,202.67,155.92,0.386,0.481,0.602,1.083,445,44.5,23.4,4.2
259,배재환,24 P,7.94,20,5.95,6.86,0.87,2.29,14.3,16.5,-2.2,0.268,64.3,7.32,7.78,7.55,7.56,7.94,5.04,5.66,-0.61,151.49,141.87,166.87,0.274,0.393,0.507,0.9,388,19.4,19.7,4.26
260,김대호,24 P,8.1,1,2.25,4.5,0.5,2.25,4.5,9.1,-4.5,0.333,37.5,11.25,13.5,13.5,13.55,8.1,5.3,5.95,3.15,216.07,235.89,158.08,0.35,0.409,0.6,1.009,87,87.0,21.8,3.95
261,육선엽,24 P,8.15,11,5.82,9.0,0.65,1.59,12.6,19.5,-6.9,0.296,79.4,5.29,5.82,6.64,6.46,8.15,6.19,6.23,-2.85,101.68,112.56,159.0,0.284,0.437,0.448,0.885,355,32.3,20.9,4.08
262,정우준,24 P,8.16,8,5.4,7.56,0.71,2.16,12.5,17.5,-5.0,0.308,92.9,4.32,4.32,7.13,6.76,8.16,5.42,6.0,-3.84,83.24,118.16,159.77,0.303,0.425,0.545,0.97,145,18.1,17.4,3.63
263,신영우,24 P,8.24,4,5.79,14.46,0.4,0.0,11.5,28.8,-17.3,0.333,57.7,10.61,10.61,9.79,9.54,8.24,8.34,7.48,2.37,219.46,178.97,173.22,0.29,0.52,0.387,0.907,200,50.0,21.4,3.85
264,배민서,24 P,8.28,1,5.4,16.2,0.33,0.0,9.1,27.3,-18.2,0.571,57.1,16.2,16.2,16.2,16.17,8.28,8.36,7.58,7.92,327.73,296.64,170.21,0.5,0.636,0.625,1.261,41,41.0,24.6,3.73
265,백승건,24 P,8.4,10,4.82,8.68,0.56,1.93,9.8,17.6,-7.8,0.314,68.4,7.71,8.68,10.66,10.05,8.4,5.98,6.34,-0.68,150.44,177.73,166.45,0.317,0.431,0.512,0.943,203,20.3,21.8,3.98
266,이승민,24 P,8.4,25,4.37,4.94,0.88,2.66,9.7,11.0,-1.3,0.333,65.0,8.56,9.13,8.6,8.27,8.4,5.02,5.55,0.15,164.33,144.02,164.02,0.343,0.422,0.594,1.016,920,36.8,19.4,3.88
267,김동혁,24 P,8.59,17,3.63,4.03,0.9,2.82,8.8,9.8,-1.0,0.274,62.1,6.85,8.46,9.57,9.86,8.59,5.0,5.52,-1.74,145.78,190.18,185.7,0.318,0.386,0.647,1.033,418,24.6,18.7,4.1
268,김택형,24 P,8.64,6,1.29,7.71,0.17,1.29,2.7,16.2,-13.5,0.321,62.5,9.0,9.0,7.91,7.9,8.64,7.05,7.02,0.36,175.51,139.65,171.27,0.333,0.459,0.467,0.926,130,21.7,18.6,3.51
269,이명종,24 P,8.74,10,3.27,4.09,0.8,3.27,6.9,8.6,-1.7,0.364,78.9,8.18,8.18,10.88,11.51,8.74,4.6,5.61,-0.56,174.1,222.03,189.1,0.408,0.439,0.694,1.133,219,21.9,19.9,3.78
270,목지훈,24 P,8.82,3,3.0,10.0,0.3,1.0,5.8,19.2,-13.5,0.389,57.7,12.0,12.0,11.15,11.79,8.82,7.63,7.02,3.18,248.28,221.24,185.48,0.375,0.519,0.6,1.119,215,71.7,23.9,4.13
271,김주온,24 P,9.15,2,7.71,5.79,1.33,3.86,16.0,12.0,4.0,0.375,37.5,15.43,15.43,18.42,18.21,9.15,4.2,4.92,6.28,300.87,321.91,181.32,0.381,0.44,0.714,1.154,98,49.0,21.0,3.92
272,강건,24 P,9.17,4,6.75,9.0,0.75,2.25,12.5,16.7,-4.2,0.467,66.7,11.25,11.25,13.16,13.69,9.17,6.33,5.9,2.08,222.91,246.02,184.73,0.421,0.542,0.684,1.226,99,24.8,24.8,4.13
273,김태현,24 P,9.19,11,2.7,6.3,0.43,2.7,6.0,14.0,-8.0,0.314,64.7,7.2,9.0,10.08,10.43,9.19,5.78,6.36,-1.99,148.97,195.74,193.21,0.35,0.438,0.675,1.113,187,17.0,18.7,3.74
274,이태양,24 P,9.43,10,1.93,1.93,1.0,3.86,4.2,4.2,0.0,0.325,46.2,11.57,12.54,13.69,13.89,9.43,4.49,5.4,2.14,234.09,254.86,193.83,0.37,0.396,0.696,1.092,180,18.0,19.3,3.75
275,박소준,24 P,10.45,1,4.5,4.5,1.0,4.5,10.0,10.0,0.0,0.286,60.0,11.25,11.25,11.25,10.2,10.45,4.61,5.4,0.8,236.03,194.04,222.79,0.333,0.4,0.667,1.067,71,71.0,17.8,3.55
276,윤중현,24 P,11.14,11,3.48,7.84,0.44,3.48,6.5,14.5,-8.1,0.429,60.7,13.94,14.81,16.77,16.88,11.14,6.68,6.37,2.8,282.64,310.37,229.57,0.458,0.548,0.792,1.34,239,21.7,23.1,3.85
277,전루건,24 P,11.31,6,0.0,14.29,0.0,0.0,0.0,20.5,-20.5,0.517,50.0,22.24,22.24,22.47,21.89,11.31,11.5,7.85,10.92,460.04,410.68,237.82,0.556,0.667,0.667,1.334,174,29.0,30.7,3.95
278,김민재,24 P,12.8,4,6.75,2.25,3.0,6.75,13.6,4.5,9.1,0.429,57.1,15.75,15.75,15.75,14.94,12.8,4.05,4.31,2.95,319.44,274.82,263.81,0.45,0.5,0.9,1.4,85,21.3,21.3,3.86
279,신헌민,24 P,16.27,3,0.0,9.0,0.0,6.0,0.0,16.7,-16.7,0.417,50.0,18.0,21.0,21.0,20.88,16.27,8.46,7.4,1.73,351.02,369.15,322.35,0.538,0.611,1.154,1.765,53,17.7,17.7,2.94
280,강효종,24 P,16.35,1,13.5,20.25,0.67,6.75,22.2,33.3,-11.1,0.333,50.0,20.25,20.25,20.25,18.46,16.35,7.52,6.73,3.9,424.86,351.23,348.59,0.333,0.556,0.833,1.389,33,33.0,24.8,3.67
