name,player_id
하트,16065
윌커슨,12295
후라도,15531
반즈,15011
코너,15860
원태인,14113
헤이수스,16138
쿠에바스,13942
레예스,15861
양현종,10058
곽빈,13061
네일,16088
임찬규,10652
류현진,10590
엔스,16023
손주영,12908
엘리아스,15644
박세웅,11310
엄상백,11318
앤더슨,16146
김광현,10126
최원태,11379
하영민,11222
김택연,16067
벤자민,15143
신민혁,13085
주현상,11415
노경은,10203
와이스,16153
박영현,15089
이승현,14798
오원석,14581
브랜든,15153
김원중,10825
정해영,14608
김재열,14747
조병현,14805
김시훈,13080
카스타노,16064
켈리,13934
윤영철,15432
황동하,15063
김민,13167
김진욱,14792
임창민,10452
장현식,11164
이병헌,15099
고영표,11308
김강률,10690
문동주,15013
김영규,13088
바리아,16150
전상현,12537
최지광,12934
홍건희,10696
에르난데스,16160
한현희,10863
산체스,15643
우규민,10523
이재학,10220
발라조빅,16155
최원준,12852
김재윤,11489
최준호,15508
알드레드,16151
알칸타라,13941
곽도규,15435
김태훈,10871
최지강,15127
크로우,16087
황준서,16107
김진성,11166
김도현,14128
황동재,14615
이승현,10527
박진,14163
김상수,10427
박상원,12871
문승원,10783
유영찬,14669
백정현,10363
송영진,15462
이민우,13003
주승우,15067
이상민,11169
한승혁,10812
라우어,16161
한재승,14764
조상우,11126
한두솔,13228
임정호,11168
김유영,11229
정현수,16090
김인범,14480
김민규,13072
장민재,10610
시라카와,16148
김서현,15421
김민수,11317
김성민,12918
김민우,11410
육청명,16028
이영하,12568
조이현,11284
김윤하,16123
김재웅,12858
김강현,12699
이상영,14135
이종준,14651
이상규,13245
이기순,15028
이준영,11303
전미르,16089
최지민,15057
송은범,10137
박시영,10737
김기중,14808
소형준,14600
스타우트,16163
최하늘,13152
함덕주,11094
김선기,13092
김대우,10685
이로운,15461
장시환,10453
손동현,14108
페냐,15146
김유성,15509
우강훈,14816
김동욱,14681
요키시,13940
박신지,13070
박진형,11425
박정수,11300
김승현,12637
최종인,14733
박종훈,10131
임준형,14142
구승민,11291
최준용,14624
양지율,12854
최우석,16056
박민호,11236
이선우,14111
육선엽,15864
최승용,14770
유승철,12914
진우영,16015
김승일,14711
박시후,14687
이용준,14763
남지민,14619
김대현,12532
윤호솔,11170
이지강,14143
박승주,12989
박성빈,16044
원종현,11161
오승환,10367
정우영,14136
박윤성,15475
김진수,14781
홍원표,14614
성동현,13103
최성훈,10851
김범수,11411
이민석,15045
이의리,14788
김기훈,14176
임준섭,10795
장재혁,14657
정동윤,12571
송명기,14155
박주현,13175
원상현,16027
진승현,15047
박치국,12850
정찬헌,10533
정우준,14795
양현,10730
김영현,14869
김규연,14871
이상동,14109
조동욱,16108
김진호,12897
하준호,10304
김도윤,14768
김사윤,11364
박준우,16092
윤정현,14131
류진욱,11355
김도규,13148
박준표,11070
손주환,16057
임상현,16053
유지성,14607
이호성,15496
최채흥,13156
최성영,12565
김택형,11373
채원후,11387
홍민기,14625
배재환,11248
박소준,11491
김민규,16049
배민서,14158
서의태,12574
문성현,10437
장지훈,14804
박세진,12572
성재헌,14667
권휘,13665
강효종,14780
김연주,16127
손현기,16125
정철원,13071
김윤식,14588
이충호,11116
이종민,14576
백승건,14145
신영우,15450
이채호,13130
장지수,14178
소이현,12900
김민재,16083
고효준,10124
임기영,10909
김대호,15882
진해수,10075
주권,11323
강건,15527
박범준,16133
김태현,12898
신헌민,15024
전용주,14106
최동환,10535
김건국,12944
김윤수,13162
한차현,14776
김동주,14769
김주온,13057
윤대경,11110
목지훈,15453
이믿음,14847
현도훈,13271
이형범,11159
이명종,15073
이인복,11232
김현수,14162
김호준,13268
이승민,14616
김영준,13102
박명근,15486
서진용,10784
전준표,16122
송재영,14794
정지헌,16017
전사민,14156
전루건,14171
백승현,13009
이태양,10609
오석주,12860
조영건,14132
이교훈,14173
이건욱,11242
김대유,10706
이준호,15455
나균안,12930
윤석원,15071
최민준,13126
최이준,13169
김동혁,14674
이우찬,10749
이재익,13244
문용익,12885
윤중현,13122
더거,16141
한승주,14621
이용찬,10217
김명신,12847
